model_name,window_size,rmse,mae,smape,r2,forecast_bias,training_time
xgb,7,1.7499744815637233,1.358787245241446,21.93967478861482,0.9421073238519018,-0.07353853101552357,0.8227577209472656
xgb,14,1.7418525256399966,1.3559422049611116,21.941286168822224,0.9426666937796804,-0.08210598399143153,1.4776339530944824
xgb,30,1.7460374777692984,1.3579510369755636,21.733319422156747,0.9423218483979714,-0.18212155490676324,3.2872979640960693
xgb,60,1.7628425283542837,1.3797689602541112,21.965304954606914,0.9410015561131955,-0.21209848478445006,7.88451886177063
xgb,120,1.7461421726802258,1.36031710931218,21.663119897975523,0.9418697755193722,-0.20651503463140972,14.00107192993164
xgb,180,1.764648856581669,1.3846317237381387,21.796552095003456,0.9406322151364721,-0.25380540416645025,20.56064772605896
xgb,270,1.768780260524608,1.3881960173478016,21.49942211144312,0.9401584668228767,-0.3345559412037009,28.17923927307129
xgb,365,1.7521903039558904,1.3672785383946895,21.067628591485754,0.9414445182847104,-0.2604148066882502,38.109034061431885
