model_name,window_size,rmse,mae,smape,r2,forecast_bias,training_time
tcn,7,2.8204039854565686,2.3561997277008317,37.32901293904124,0.8533034547000188,-2.134494910496596,174.5549192428589
tcn,14,2.0458535896985217,1.6156948144305618,22.92919886930483,0.9228635436772735,0.7609252972270066,198.58393359184265
tcn,30,3.2011532150570052,2.7129955870916107,41.99871706144549,0.8112009505896394,-2.512575924739149,153.0530288219452
tcn,60,2.4017498028247277,1.903030105568355,25.683158897684994,0.8910681659776204,-0.3023345775801363,216.410710811615
tcn,120,3.315252613755979,2.681525034374561,33.30660578297328,0.7931849388311147,0.7030911449707944,476.92638969421387
tcn,180,4.66443137879175,3.744435839667716,57.56819471851371,0.5907893962414936,-2.789587870751421,81.05532169342041
tcn,270,9.259973635009626,8.487141196351642,121.76044317818082,-0.6876511766088329,-8.460847862864386,257.1109926700592
tcn,365,4.895178739090514,4.037386999681712,56.90632790652883,0.5350036989647917,-3.3344099317416322,139.458092212677
