model_name,window_size,rmse,mae,smape,r2,forecast_bias,training_time
rnn,7,2.0624866541420057,1.6207717054768613,23.757225051808952,0.9215524217645003,-0.03199400181628476,85.91135025024414
rnn,14,2.0505931277034577,1.57108947257584,23.039187372535448,0.9225057325000253,0.0747754731344673,145.0789122581482
rnn,30,2.069290049453345,1.6021037984953008,23.23448894711183,0.9211086078276784,-0.27127702669563614,273.5228967666626
rnn,60,2.0530974151790744,1.599052043189251,22.492060258330437,0.9203990225435261,-0.1284325545545367,519.8827443122864
rnn,120,2.057515338489835,1.5949387453697823,22.747676432335084,0.9203409590351407,-0.37698625298540567,1931.051766872406
rnn,180,2.263123268563629,1.7404590818564414,24.416102185438312,0.9036690413734811,-0.5209357082488285,1448.0793051719666
rnn,270,2.068258054496623,1.6119428833118958,23.61429389315982,0.9158076494273844,-0.07641733434520331,4196.380877971649
rnn,365,2.0805863724826628,1.6253719103421158,22.974865511023907,0.9159991096179296,0.09042472590105613,2891.388147354126
