model_name,window_size,rmse,mae,smape,r2,forecast_bias,training_time
cnn,7,1.8438046530812073,1.4263358697929425,20.67530451959958,0.9373058439973899,0.48628158737101873,51.649333000183105
cnn,14,1.942795476353371,1.5226419753081157,21.490223530904046,0.9304391709262545,-0.6809481710435,33.48738694190979
cnn,30,1.781208494605541,1.3871125896799894,20.788647242261003,0.9415457091053503,0.030387294238173053,49.61276650428772
cnn,60,1.7546349849888667,1.3493007248816191,19.818515055854586,0.9418602905740197,-0.05552328635517363,66.48372149467468
cnn,180,1.9885828220726796,1.5563020118365942,21.367518607271446,0.9256233130039209,0.6680741243138465,47.68547487258911
cnn,365,1.882897563867991,1.4623371909208878,21.416146778644965,0.9312035897959579,0.3408630990433967,59.58492112159729
