model_name,window_size,rmse,mae,smape,r2,forecast_bias,training_time
gbm,7,1.7645581359827451,1.3674591553100308,22.06525984863066,0.941138389982735,-0.03995803380274517,0.8198230266571045
gbm,14,1.7513751862189277,1.3665828244007496,22.125746509411158,0.9420381009492768,-0.0556540484742944,1.1533620357513428
gbm,30,1.7575209169571833,1.3722597574312316,21.79128176298382,0.9415606715912659,-0.1814991713231501,2.1474649906158447
gbm,60,1.7550760658165148,1.370206950558988,21.769749285097266,0.941520263646958,-0.20577999924631613,4.174929857254028
gbm,120,1.7560879509891743,1.3704408650631583,21.420949630229245,0.9412056865740871,-0.19086210962677425,8.261893272399902
gbm,180,1.749593566605736,1.3691135123376772,21.398002422505037,0.9416408990356473,-0.22607697810423816,11.734622955322266
gbm,270,1.7508303316377416,1.3687392470245907,21.01175951881919,0.9413668712132229,-0.26876080789460305,17.882694005966187
gbm,365,1.7411946900606996,1.3653022069551315,21.13932104376552,0.9421771250829775,-0.22927005380483395,23.9657039642334
