model_name,window_size,rmse,mae,smape,r2,forecast_bias,training_time
XGBoost,7,1.7065368191770722,1.323312223756999,20.78053322397084,0.9458507191011996,0.041116031195785996,2.6401865482330322
XGBoost,7,1.7065368191770722,1.323312223756999,20.78053322397084,0.9458507191011996,0.041116031195785996,3.0111336708068848
XGBoost,7,1.8080161947224322,1.4057162771876024,22.23867146633166,0.9382033650814092,-0.07983641733420314,4.024307489395142
