model_name,window_size,rmse,mae,smape,r2,forecast_bias,training_time
XGBoost,7,1.6953429565696698,1.3046105084801778,20.694277708062142,0.9465587631901561,0.06311591683317182,2.243880033493042
XGBoost,7,1.753675393801744,1.3578949769808346,21.827854568347636,0.9418621976812606,-0.03930285079521634,2.637214422225952
